Fecha,ID Publicacion,Juego,Precio GTQ,Estado,En Wishlist,BGG Nombre,BGG Rating,BGG Complejidad,Enlace
2026-09-15,3778687745613381,Oscar Zefir Leoni,,,,,,,https://www.facebook.com/groups/boardgamesgt/permalink/3778687745613381/?rdid=YinFTP82tlX8vXyI
2026-09-15,3778687745613381,Rush 8 Bash,172.5,'Opened,,,,,https://www.facebook.com/groups/boardgamesgt/permalink/3778687745613381/?rdid=YinFTP82tlX8vXyI
2026-09-15,3778687745613381,Splendor Duel,287.5,Played (8/10) Ingles,,,,,https://www.facebook.com/groups/boardgamesgt/permalink/3778687745613381/?rdid=YinFTP82tlX8vXyI
2026-09-15,3778687745613381,ravel Blokus,57.5,Sealed Ingles,,,,,https://www.facebook.com/groups/boardgamesgt/permalink/3778687745613381/?rdid=YinFTP82tlX8vXyI
2026-09-15,3778687745613381,Unmatched: Deadpool,11380,Good (Rare/00P) Ingles,,,,,https://www.facebook.com/groups/boardgamesgt/permalink/3778687745613381/?rdid=YinFTP82tlX8vXyI
2026-09-15,3778687745613381,findbug (Base Game) 7,1725,Opened Ingles,,,,,https://www.facebook.com/groups/boardgamesgt/permalink/3778687745613381/?rdid=YinFTP82tlX8vXyI
2026-09-15,3778687745613381,indbug(Kingo!Tolyo crossover]?,2875,Sealed E,,,,,https://www.facebook.com/groups/boardgamesgt/permalink/3778687745613381/?rdid=YinFTP82tlX8vXyI
2026-09-15,1752159386002011,Rubiks,150,,,,,,https://www.facebook.com/marketplace/item/1752159386002011/
2026-09-15,1051796577746894,juegos de mesas con sus bancas,300,,,,,,https://www.facebook.com/marketplace/item/1051796577746894/
